t,o,h,l,c
1631160000,15610,15675.75,15545.75,15558.75
1631246400,15561,15668,15433.5,15441.5
1631505600,15452.5,15565,15350.25,15436.75
1631592000,15452.25,15530.75,15351.25,15387
1631678400,15395.5,15521.75,15315.25,15504
1631764800,15516.5,15542,15369.5,15517.75
1631851200,15502.75,15547,15474,15486.669921875
1632110400,15284,15338.25,14807.5,15009.5
1632196800,14992,15163.25,14963.25,15024
1632283200,14992.75,15227,14930.5,15163.5
1632369600,15178.25,15347,15175.25,15303.5
1632456000,15300.25,15334.25,15176.75,15318.75
1632715200,15319,15399.25,15084,15194.75
1632801600,15172.25,15192.25,14740.75,14764.75
1632888000,14769.25,14926,14711,14739.75
1632974400,14769.75,14883.5,14670.25,14682.5
1633060800,14702.25,14818,14537,14761.75
1633320000,14785,14835,14367.75,14462.25
1633406400,14493.75,14754.75,14410.5,14655.25
1633492800,14662,14770,14422.5,14759
1633579200,14768,15001.25,14767,14881.25
1633665600,14891.25,14996,14790.75,14808.25
1633924800,14810.25,14897.25,14677,14700.5
1634011200,14688.5,14783.25,14585.5,14653.25
1634097600,14594,14795.75,14591,14764.25
1634184000,14770.25,15071.5,14767.5,15037.25
1634270400,15063.75,15145,15020.75,15134.5
1634529600,15145,15297.25,15038.75,15290.5
1634616000,15289.75,15428.25,15269,15398.5
1634702400,15411,15446.5,15319,15377.5
1634788800,15357.5,15483.75,15301,15478.75
1634875200,15383,15463.5,15273.75,15341
1635134400,15324.25,15546,15295.75,15495.75
1635220800,15543,15701,15503,15545
1635307200,15532.25,15717.5,15507.25,15587.25
1635393600,15595,15777,15591.75,15764.75
1635480000,15679.75,15864.75,15595.5,15838.5
1635739200,15885.25,15914.75,15768.5,15894.25
1635825600,15891,15980.25,15849.5,15961.25
1635912000,15957.75,16145.75,15935.25,16129.75
1635998400,16129.5,16376,16129.5,16330.75
1636084800,16335,16448.5,16292,16351.75
1636347600,16293,16394,16256,16327.75
1636434000,16315.5,16391.75,16160,16212.75
1636520400,16201.25,16243,15896.5,15980.5
1636606800,15989,16114,15976,16022.75
1636693200,16043.75,16213.25,16001.75,16192.75
1636952400,16212.25,16276.5,16082.25,16187.75
1637038800,16198.5,16323.75,16142,16300.75
1637125200,16297.75,16396.5,16270,16311.5
1637211600,16322.5,16508,16303.5,16481.25
1637298000,16503.25,16628.5,16490.25,16575
1637557200,16600.25,16767.5,16364.5,16382
1637643600,16399,16418.75,16118.5,16312
1637730000,16300.25,16368.5,16102,16366
1637937000,16360,16436,15988,16051
1638162000,16046.5,16437.75,16038,16390.75
1638248400,16419,16456.25,16068.75,16150.5
1638334800,16238.75,16427.5,15825.25,15869.75
1638421200,15891.75,16066.25,15762.75,15988.5
1638507600,16020,16121.75,15538,15717.75
1638766800,15716.25,15897.25,15559.25,15842.75
1638853200,15848.75,16374.5,15824.5,16318
1638939600,16360.5,16436.75,16251.5,16392.25
1639026000,16380.5,16420,16120.25,16148.75
1639112400,16158.5,16335.75,16133.75,16329.75
1639371600,16321.75,16411.25,16064.25,16082
1639458000,16085,16133.75,15738.5,15924.75
1639544400,15928.5,16302.5,15744.5,16288
1639630800,16288.5,16459.25,15800.25,15870.5
1639717200,15873,15902,15668,15717.3203125
1639976400,15809.5,15851.75,15492,15621.25
1640062800,15674.25,15987.25,15605,15980
1640149200,15979,16183,15881.5,16169.75
1640235600,16180,16356,16145.25,16299
1640581200,16304.25,16580.75,16304.25,16560
1640667600,16565.75,16659.5,16452.25,16488
1640754000,16513.5,16564.25,16387.5,16490.5
1640840400,16484.5,16567.5,16411.25,16430.25
1640926800,16431,16464,16313.75,16320.75
1641186000,16356,16508,16292,16485.5
1641272400,16497.75,16564,16139.5,16275.75
1641358800,16265,16269,15752.75,15766.5
1641445200,15763.75,15895.75,15598.5,15759
1641531600,15801.75,15852.75,15510,15581
1641790800,15590,15669,15152.5,15608
1641877200,15622.25,15839.5,15475,15831
1641963600,15826,16009.25,15762.5,15887.25
1642050000,15901,15979.75,15458.25,15490.25
1642136400,15505,15621,15312.5,15595.75
1642482000,15616.75,15653.25,15170.75,15206
1642568400,15238.75,15372,15011.25,15033.5
1642654800,15042.25,15340.25,14646.75,14841
1642741200,14722,14858.5,14408.5,14426.5
1643000400,14410,14582,13706,14501
1643086800,14495,14499,13890,14140.75
1643173200,13945.5,14639.75,13945.5,14158.5
1643259600,14194,14409.25,13844.5,13986.75
1643346000,14167.75,14442,13831,14433
1643605200,14454,14914.75,14353.25,14905
1643691600,14868.75,15137,14729.25,14994.75
1643778000,15129,15260,14825,15114.5
1643864400,14852.5,14870,14456.25,14492.25
1643950800,14770,14825.75,14362.75,14685.5
1644210000,14682.5,14806.25,14511.5,14559.75
1644296400,14600,14776,14467.5,14734.5
1644382800,14746.25,15068,14741,15038.25
1644469200,15062.25,15062.25,14622,14701
1644555600,14698.25,14766.75,14181,14240.5
1644814800,14250,14394,14031,14253
1644901200,14257,14614.75,14223.25,14609.5
1644987600,14588,14668.5,14381,14600
1645074000,14592.25,14619.5,14131.5,14164.75
1645160400,14156.25,14299,13906.25,13996
1645506000,13952.75,14157.5,13580.25,13862.75
1645592400,13928.25,14068.75,13471.25,13507.5
1645678800,13484.25,13983.25,13025.75,13966.5
1645765200,13909.5,14196.25,13760.25,14180.5
1646024400,13900.25,14292.25,13683,14228
1646110800,14219.25,14327.75,13900,14005.5
1646197200,14026.25,14290,13911.5,14239.25
1646283600,14196.5,14391,13955,14030.5
1646370000,14069.25,14086.5,13733.75,13839.75
1646629200,13763.5,13879.75,13265,13320.75
1646715600,13283,13666,13103.25,13267
1646802000,13192.25,13821.75,13189.75,13734.75
1646888400,13778,13778,13396.25,13586
1646974800,13577.25,13860.75,13281.75,13292
1647230400,13362,13447.5,13015.5,13045.5
1647316800,13082,13489,12944,13451.75
1647403200,13451.75,14029.25,13420.5,13953
1647489600,13999,14136.25,13822.75,14111.75
1647576000,14060,14095.3095703125,13970.5,14095.3095703125
1647835200,14404,14466.75,14183.75,14370.5
1647921600,14390,14690.75,14293.5,14654
1648008000,14654,14682.25,14441,14447
1648094400,14462.75,14769.75,14433.5,14763.75
1648180800,14765,14840.5,14572.5,14755.75
1648440000,14756,14997,14658.75,14985.25
1648526400,14981,15268.75,14956.5,15237.75
1648612800,15222,15262.25,15012.25,15071.5
1648699200,15100.5,15180.75,14855.5,14868.75
1648785600,14918.75,14960,14725,14863.75
1649044800,14846,15174.5,14801,15164.25
1649131200,15155.5,15198,14780.25,14828
1649217600,14861,14861.25,14394.75,14505.25
1649304000,14496.25,14633.75,14317,14536
1649390400,14536.25,14642.25,14310.5,14327
1649649600,14345,14382,13984.75,14000
1649736000,14006.25,14284.25,13881.25,13945
1649822400,13952.75,14266.5,13921,14221.5
1649908800,14211.5,14296.25,13876.5,13893.75
1650254400,13892,14002.5,13729.5,13907.75
1650340800,13962.75,14242,13828,14217.25
1650427200,14104.75,14298,13956.5,14004.75
1650513600,14070,14283,13667.5,13728.25
1650600000,13720,13781,13297,13353.5
1650859200,13334.25,13549.75,13184,13535.75
1650945600,13523.5,13583.75,12801.5,13016
1651032000,12881,13255.25,12878.25,13009
1651118400,13191,13542,13033,13454.75
1651204800,13219.5,13433,12831.75,12852
1651464000,12892.25,13084.5,12709.75,13073
1651550400,13051.75,13183.75,12968.5,13087.5
1651636800,13121,13555.25,12883,13531.25
1651723200,13500.25,13548,12705.25,12858
1651809600,12883.25,12928.75,12519,12695.75
1652068800,12605,12637.25,12135.25,12193.75
1652155200,12206,12547,12102.25,12349
1652241600,12328.75,12553.25,11938.5,11969.75
1652328000,12004.5,12132.75,11689,11947.25
1652414400,11891.5,12432,11891.5,12382.75
1652673600,12409,12498.75,12190.25,12244.75
1652760000,12235.5,12578,12234,12560.25
1652846400,12572,12594,11862.75,11935.5
1652932800,11907,12076.75,11704,11878.25
1653019200,11898,12096.75,11491.25,11840.75
1653278400,11866,12075.5,11783.75,12035.25
1653364800,11915,11918,11576.25,11771
1653451200,11808,12036,11672,11942.25
1653537600,11887.5,12343,11848.25,12279.25
1653624000,12250,12720.25,12222,12677.75
1653969600,12705.25,12883,12480,12646.5
1654056000,12662.5,12823.5,12454.75,12551
1654142400,12549.75,12903.75,12442.5,12893.75
1654228800,12896,12945.25,12503,12551
1654488000,12549.75,12810,12527,12605
1654574400,12605.25,12740.25,12412.5,12711.5
1654660800,12680.5,12783,12579.25,12615.75
1654747200,12625,12726,12255.25,12275
1654833600,12301.5,12338.75,11823,11840
1655092800,11768,11772.5,11254.5,11296.5
1655179200,11334.25,11505.5,11205,11314.25
1655265600,11329.75,11759.25,11327.75,11593.75
1655352000,11608.5,11737.75,11036.75,11124.75
1655438400,11178.5,11290,11130.25,11130.3896484375
1655784000,11332.5,11678.25,11273.75,11577.25
1655870400,11579.75,11745.75,11320.5,11565.75
1655956800,11542.75,11766.75,11460.5,11737.5
1656043200,11687.75,12148.5,11684.75,12140.5
1656302400,12137.5,12262,11994.25,12040.5
1656388800,12076.25,12174.25,11661.5,11674.25
1656475200,11680.5,11749,11564.5,11691
1656561600,11691.5,11696.75,11351,11529.5
1656648000,11507.5,11629.75,11381.75,11611.25
1656993600,11606,11815.75,11389.25,11808.5
1657080000,11820.25,11974.25,11727.75,11880.25
1657166400,11901.25,12168.5,11836.5,12138.5
1657252800,12115,12211,11952.5,12152
1657512000,12149.75,12149.75,11853,11884.25
1657598400,11900.5,12025.5,11712,11779
1657684800,11780,11970,11479.25,11762.25
1657771200,11729.5,11835,11511.25,11797.5
1657857600,11810.5,12021.5,11740.25,12007.5
1658116800,12043.5,12186.5,11857,11907
1658203200,11909.5,12328.5,11889.5,12274
1658289600,12330.5,12517.5,12235.75,12465.25
1658376000,12440,12655.25,12373.5,12640
1658462400,12559.25,12698.5,12343.75,12423.5
1658721600,12444.5,12498.5,12266.5,12354.5
1658808000,12311.25,12334,12072,12112.5
1658894400,12192,12690,12191.75,12619
1658980800,12580,12948,12449,12737.5
1659067200,12920.25,13012,12744.25,12971.5
1659326400,12981,13108.75,12851.75,12962.5
1659412800,12974.25,13097,12814.75,12924.5
1659499200,12921,13310.25,12867.25,13271.5
1659585600,13247,13356,13184.75,13327
1659672000,13327.25,13384.5,13085,13228.75
1659931200,13227.75,13419.25,13120.5,13183.25
1660017600,13206.25,13233.75,12963.25,13031.5
1660104000,13050,13408,12982,13392
1660190400,13380.5,13575,13285,13311.25
1660276800,13344.25,13583.25,13312,13577.75
1660536000,13571.5,13706,13495.25,13681.25
1660622400,13674.75,13740.75,13522.75,13658.25
1660708800,13658,13672,13406.25,13493.25
1660795200,13503,13575.5,13410.75,13523.25
1660881600,13534.25,13534.5,13228.75,13268.5
1661140800,13226.5,13226.5,12874.5,12909.75
1661227200,12933.75,13018.5,12823.5,12896.5
1661313600,12892,13011.25,12825.75,12929.75
1661400000,12944,13161.5,12925,13156
1661486400,13153.75,13220,12557.5,12620.5
1661745600,12485,12610.25,12401.5,12492.75
1661832000,12503.5,12658.25,12247.5,12358.75
1661918400,12366,12513,12276.25,12285.25
1662004800,12284.75,12299.5,12017.75,12292.25
1662091200,12297.75,12461.5,12040.25,12104.25
1662436800,12110.5,12244.5,11930,12019
1662523200,12019.75,12306.25,11921.5,12263.25
1662609600,12267.75,12379.5,12115.75,12321.75
1662696000,12345.25,12613.75,12329.5,12592.5
1662955200,12626,12773.75,12573.25,12740.75
1663041600,12769.5,12889,12003.25,12036.5
1663128000,12050.25,12173,12001.75,12142
1663214400,12159,12187.75,11866.5,11934.75
1663300800,11880,11880,11750.5,11814.580078125
1663560000,11920,12066.25,11792.25,12024
1663646400,12045.75,12092.5,11828.25,11922.25
1663732800,11946,12140.5,11647.5,11710
1663819200,11661.25,11796,11510,11565.5
1663905600,11583.75,11600.25,11229,11376.75
1664164800,11362.5,11537.75,11256.5,11316.25
1664251200,11315.5,11568.25,11233.5,11333.75
1664337600,11361,11613.5,11141.5,11555.75
1664424000,11544,11567.25,11091.5,11228.25
1664510400,11220,11357.25,11024.25,11035.5
1664769600,11030,11358.25,10890.75,11285.75
1664856000,11314.5,11675,11281.5,11640.75
1664942400,11630.25,11711,11366.5,11623.75
1665028800,11628,11729.75,11505.25,11541.75
1665115200,11494.5,11564.5,11043.25,11101.5
1665374400,11067.75,11136.5,10876.75,10984.5
1665460800,10987,11039.5,10767.25,10845
1665547200,10875,10976.75,10805.5,10840.5
1665633600,10859,11142.75,10484.75,11083.75
1665720000,11064.75,11253.5,10726.75,10744
1665979200,10720,11146.25,10713,11110.25
1666065600,11161.25,11431.75,11081.5,11198.75
1666152000,11320.25,11382.75,11049,11153.25
1666238400,11134,11328.75,11008,11090.75
1666324800,11061.25,11386.25,10935.5,11358.5
1666584000,11393.75,11530.25,11207.75,11478.75
1666670400,11453.75,11734,11430.25,11713.5
1666756800,11510,11703.5,11415,11446
1666843200,11417.75,11537.5,10921.5,11235.25
1666929600,11122.75,11626,11062,11587
1667188800,11592.5,11595,11367.25,11447.25
1667275200,11455,11619,11288.75,11332
1667361600,11320.25,11460,10909,10944.5
1667448000,10938,10996,10708,10728
1667534400,10712,10974.25,10636,10890.25
1667797200,10786.5,11038.5,10751,11014.25
1667883600,11016,11231.25,10928.75,11094.25
1667970000,11089.25,11164.25,10822.25,10830.75
1668056400,10841,11677,10808,11632.25
1668142800,11669.75,11876.75,11569.25,11848
1668402000,11791,11898.5,11702,11734.75
1668488400,11768.5,12118.75,11761.75,11904.25
1668574800,11882,11963,11706.5,11739.5
1668661200,11777.75,11827.5,11528.25,11710.5
1668747600,11747.75,11843,11607,11708
1669006800,11723,11756,11553,11588
1669093200,11588,11759.25,11526.5,11754.5
1669179600,11741.5,11892.75,11720,11862.75
1669386600,11878,11933,11766.25,11782.75
1669611600,11731.25,11788.5,11575.25,11616.25
1669698000,11625,11704.5,11465,11524.75
1669784400,11520,12078.5,11497.75,12042.25
1669870800,12079.25,12145,11943.25,12062.75
1669957200,12039.75,12067.75,11740.5,12010.25
1670216400,12000.5,12015.75,11745.5,11805.75
1670302800,11812,11846.25,11502,11566
1670389200,11566,11596.25,11422.5,11509.5
1670475600,11500,11685.75,11433,11645.5
1670562000,11641.5,11748,11517,11569.75
1670821200,11553,11716,11522.75,11711.75
1670907600,11691.25,12229.5,11680.5,11839.75
1670994000,11839,11948.5,11613.75,11750.75
1671080400,11758.75,11779.5,11298.25,11347.25
1671166800,11340.25,11381.25,11206.5,11327.0400390625
1671426000,11328.75,11411,11131.75,11193.25
1671512400,11182.5,11247,11043.5,11175.75
1671598800,11206.5,11389.75,11181,11334.5
1671685200,11357,11384.75,10870.5,11054.25
1671771600,11061,11143,10916.25,11075.25
1672117200,11104,11183.75,10896,10915.5
1672203600,10915.75,10996.5,10758.75,10772.75
1672290000,10785.75,11071.5,10777.5,11032.75
1672376400,11033.5,11051.5,10855.5,11022.25
1672722000,11122.5,11182,10844.75,10945.5
1672808400,10941.25,11068.5,10863.5,10999.25
1672894800,10988.5,11046.75,10805,10820.25
1672981200,10838.75,11165.75,10751,11113.5
1673240400,11126.5,11385.5,11120.25,11185.5
1673326800,11184.75,11288.75,11094,11282
1673413200,11282.5,11479.5,11239.75,11476.5
1673499600,11474.5,11579.75,11291,11534.25
1673586000,11528.5,11619.5,11389,11608
1673931600,11613.5,11685,11510.25,11624.5
1674018000,11619.75,11759.5,11468,11475.75
1674104400,11470.5,11487,11308.5,11356.5
1674190800,11401,11686.75,11365.25,11677
1674450000,11676.75,11983,11650.5,11934
1674536400,11933,12010.5,11835.75,11909.5
1674622800,11970.5,11976.5,11604.5,11873.25
1674709200,11874.75,12113,11867.25,12106.75
1674795600,12049,12308.5,12016,12222.25
1675054800,12212.5,12252,11960,11968
1675141200,11984,12156,11871,12152
1675227600,12116,12524.5,12055.25,12414.25
1675314000,12520,12949.75,12501.75,12846.75
1675400400,12748.25,12878,12551.25,12624
1675659600,12572,12608.5,12455.75,12515.5
1675746000,12513,12818.5,12459.25,12776.75
1675832400,12747,12808.5,12512.75,12545.25
1675918800,12555,12728.5,12366.5,12425.5
1676005200,12448.75,12451.5,12243.25,12346.25
1676264400,12357.5,12567,12265.25,12540.5
1676350800,12547.25,12687,12390.5,12631
1676437200,12620.75,12756.5,12524.25,12730
1676523600,12740,12792.75,12455.25,12482.5
1676610000,12462.5,12466.25,12265.75,12390
1676955600,12380,12417.75,12090.25,12096.75
1677042000,12108,12190.5,12034,12097.5
1677128400,12176.25,12261,12028.5,12207.5
1677214800,12190,12214.5,11923,11997
1677474000,12003,12189.5,11990,12083.25
1677560400,12093.5,12172.75,12025.75,12072.25
1677646800,12041.25,12141.75,11924.75,11961.75
1677733200,11967,12096.25,11832.5,12062
1677819600,12049,12329,12012,12311.25
1678078800,12306.25,12486.25,12276.25,12323.5
1678165200,12320.25,12381.25,12142.25,12169
1678251600,12170,12254.5,12108.25,12228.25
1678338000,12231,12353.5,11977.5,12007.25
1678424400,12005,12109,11795,11840.25
1678680000,11894.75,12095.75,11674.25,11931.75
1678766400,11960,12223,11921.75,12207
1678852800,12200.75,12280,11972,12247.75
1678939200,12264.5,12600.5,12189.25,12583
1679025600,12575.75,12636.5,12531.75,12594.650390625
1679284800,12690,12750,12525.25,12688.5
1679371200,12699.75,12898.25,12676.5,12867.25
1679457600,12873.25,13082,12678,12707
1679544000,12695,13031,12694.25,12854
1679630400,12871.5,12924.75,12728,12890.25
1679889600,12916,12984.5,12765.5,12788.5
1679976000,12810.5,12833.5,12634.25,12732.5
1680062400,12745.5,12994,12742,12965
1680148800,12962.5,13111.75,12931.5,13082
1680235200,13084.25,13311.5,13057.5,13301.75
1680494400,13262,13278.75,13154,13270
1680580800,13259,13348.75,13168.25,13219
1680667200,13230,13247.25,13006,13079.75
1680753600,13072.75,13191,12953.25,13170.75
1681099200,13179.75,13203.25,12967.5,13158
1681185600,13163.25,13208.75,13053.5,13074.75
1681272000,13073.75,13241.75,12937.75,12952.25
1681358400,12957,13228,12925.5,13209.75
1681444800,13183,13255,13058,13181.25
1681704000,13212.5,13218,13076.75,13186.5
1681790400,13184,13298.75,13138,13193
1681876800,13170.5,13226.75,13065,13183
1681963200,13162,13200,13021.75,13074.25
1682049600,13089,13122,12982.5,13090.5
1682308800,13070,13134,12967.25,13056.5
1682395200,13050.25,13059.5,12800,12809.5
1682481600,12940,13012.25,12863.75,12887.75
1682568000,12965,13333,12936,13231.25
1682654400,13215,13336,13169,13320.25
1682913600,13317,13370.25,13258.75,13306.75
1683000000,13290,13334.75,13110.25,13184.5
1683086400,13162,13314,13080,13100.75
1683172800,13064,13173,13001.75,13043.75
1683259200,13060,13359,13055.75,13317.75
1683518400,13316,13368,13254.5,13352.25
1683604800,13338.5,13347,13250.5,13264.75
1683691200,13258.75,13446.75,13202.75,13409.5
1683777600,13410,13470.25,13361.5,13446.5
1683864000,13446,13494.25,13310.5,13396.25
1684123200,13378.75,13480,13350,13468
1684209600,13461,13554.5,13426.25,13483.25
1684296000,13498.5,13669,13474.25,13643.5
1684382400,13640.5,13913,13628.25,13894
1684468800,13908.5,13960.25,13814.25,13858
1684728000,13805.5,13946.75,13794.25,13902.5
1684814400,13913.25,13979.25,13710,13728.75
1684900800,13729,13845.75,13566.5,13650.25
1684987200,13877,14031.25,13803,13976.5
1685073600,13977.75,14369,13924.5,14332.5
1685419200,14437.5,14570,14336.75,14396.75
1685505600,14397.25,14429,14251.25,14300.5
1685592000,14289.5,14528.25,14248.25,14472.25
1685678400,14494,14627.75,14468.25,14575.25
1685937600,14577,14694.75,14512.75,14588.75
1686024000,14582,14623.75,14504.5,14586.5
1686110400,14594.5,14675,14305.5,14331.5
1686196800,14316,14526.75,14256.75,14503
1686283200,14517,14687.5,14460.25,14556.25
1686542400,14560.25,14827,14554.25,14800.5
1686628800,14824,14967.75,14779.5,14914.25
1686715200,14925,15061.5,14793,15012.75
1686801600,15038,15252,14878,15188
1686888000,15181.25,15324,15130.5,15316.6103515625
1687233600,15303.25,15322.5,15126.5,15256.5
1687320000,15247.5,15273.25,15002.25,15044
1687406400,15038.75,15238,14964,15214.75
1687492800,15236,15236,14985.25,15058.25
1687752000,15057.75,15152.5,14853.5,14856.5
1687838400,14875,15139.25,14862.25,15111.5
1687924800,15088.25,15219,15021.25,15130
1688011200,15161,15202.75,15028.5,15100.25
1688097600,15106,15376.75,15099,15337
1688391000,15331,15392,15308,15364.75
1688529600,15357,15432,15255.25,15360.75
1688616000,15353.75,15366,15111.5,15238
1688702400,15211.75,15359.75,15172.25,15181.75
1688961600,15198.5,15218.25,15063.25,15187
1689048000,15195.75,15278.75,15109.5,15260
1689134400,15258,15507.75,15254.5,15444.75
1689220800,15457.75,15741.25,15456.5,15711.5
1689307200,15699,15857.25,15663,15694.25
1689566400,15690,15882.75,15661.5,15840.75
1689652800,15832,16029.75,15733,15974.75
1689739200,15949.25,16062.75,15911.25,15959.25
1689825600,15922.75,15925.75,15547,15592.25
1689912000,15590.75,15719.25,15522.25,15540
1690171200,15556,15618.75,15483.75,15561.25
1690257600,15570,15736.25,15549.25,15673
1690344000,15730.25,15739.25,15515,15610.75
1690430400,15638.75,15904,15511.25,15571
1690516800,15580,15896,15546.25,15847.5
1690776000,15850,15917,15791.25,15857.5
1690862400,15869.25,15889.25,15728.25,15817.25
1690948800,15757,15789.75,15414,15473
1691035200,15455.75,15551.75,15339.5,15438.75
1691121600,15441,15610.25,15336.5,15354
1691380800,15370.5,15495.5,15334.25,15485.5
1691467200,15495,15497.75,15218,15354.25
1691553600,15351.75,15432.5,15146.5,15178.25
1691640000,15202.5,15442.25,15136,15201.25
1691726400,15219,15266.75,15037.25,15095.75
1691985600,15104,15282,15020.75,15270.25
1692072000,15279,15335,15074.75,15106.5
1692158400,15110.75,15166,14921.5,14942.25
1692244800,14940.25,15018.25,14738.25,14778
1692331200,14748,14802.75,14609.25,14744
1692590400,14762.5,15013.75,14720.5,14985.75
1692676800,14974.5,15118.25,14932,14958.5
1692763200,14959.75,15356.75,14957.25,15195.5
1692849600,15333,15418,14817,14862
1692936000,14833,15048.75,14751.75,14979.25
1693195200,14991,15126.5,14973.5,15092.5
1693281600,15098.75,15430.5,15049.75,15415.75
1693368000,15427.5,15522.75,15361.5,15501.25
1693454400,15513.75,15606.75,15460,15538.5
1693540800,15534,15661.25,15454,15516.25
1693886400,15517,15586.75,15418.25,15534.5
1693972800,15511.25,15533,15310.5,15399.5
1694059200,15385,15395.75,15157.5,15282.25
1694145600,15286.25,15390.75,15223,15297.5
1694404800,15308,15497.5,15298,15475.75
1694491200,15466.5,15480.75,15288.75,15304.75
1694577600,15308.5,15424.25,15212.75,15356.25
1694664000,15372.75,15517.75,15337.25,15478
1694750400,15480.25,15524,15401.25,15435.2001953125
1695009600,15382.25,15461,15330.5,15414.5
1695096000,15424.25,15442.25,15248.5,15375.25
1695182400,15375.25,15436.25,15127,15152
1695268800,15133.25,15149,14841,14862.75
1695355200,14854.5,15027.5,14836.25,14869.5
1695614400,14880.25,14955.75,14782.25,14935.25
1695700800,14949,14949,14666.25,14715
1695787200,14725.25,14821.5,14586,14739
1695873600,14772.5,14947.5,14658,14859.75
1695960000,14876.5,15060.75,14811,14866.5
1696219200,14965,15046,14826,14984.75
1696305600,14989.5,15031,14651.5,14714.5
1696392000,14713.75,14956,14589,14923.75
1696478400,14903,14958.75,14716.25,14861.75
1696564800,14853.75,15160.25,14660,15112
1696824000,15040.25,15212.75,14949.5,15187
1696910400,15196.5,15383.5,15171.75,15270.75
1696996800,15282.25,15416.75,15253,15380
1697083200,15407.5,15468.75,15216.25,15315
1697169600,15324,15366.75,15062.25,15120.25
1697428800,15120,15336.75,15083,15289.5
1697515200,15305.75,15309.25,15050.25,15240.75
1697601600,15236.5,15238.25,14979.25,15025.25
1697688000,15045,15138.25,14839.5,14890
1697774400,14850,14887.5,14645,14664
1698033600,14680,14853.75,14514.25,14712
1698120000,14744,14948.75,14706,14846.5
1698206400,14828,14855,14444,14478.25
1698292800,14425,14459,14140.25,14194
1698379200,14248.25,14407.75,14209.75,14265.25
1698638400,14336,14476.5,14303,14416.5
1698724800,14410.5,14503.75,14311.25,14490.25
1698811200,14460,14762,14410.75,14744.5
1698897600,14761.25,15017.25,14760,14998
1698984000,14928,15228.5,14925.5,15178.75
1699246800,15187,15257.5,15138,15232.5
1699333200,15215,15412.25,15176,15374.25
1699419600,15373,15417.5,15286.75,15386.5
1699506000,15356.25,15453.75,15236.75,15256
1699592400,15254.75,15612.75,15207.25,15596.25
1699851600,15586.25,15601.25,15465.25,15547
1699938000,15558,15918.75,15552,15879.75
1700024400,15895,16049.5,15832.25,15889.25
1700110800,15846.75,15906.75,15796.75,15897.5
1700197200,15897.75,15940,15825,15895.75
1700456400,15895,16116.75,15837.25,16086.5
1700542800,16087.5,16122.5,15912,15990.25
1700629200,15967.25,16173.5,15942.75,16049.25
1700715600,16036.75,16086.5,16034.5,16062.5
1700836200,16036.75,16086.5,15981.75,16021
1701061200,16008,16089.25,15938.75,16008.75
1701147600,16005.25,16071.5,15945.25,16048
1701234000,16055.5,16208.5,16013.5,16023.75
1701320400,16040.25,16098.5,15856,15985.5
1701406800,15955,16050,15864,16023.75
1701666000,16022,16026,15721.25,15869
1701752400,15863.25,15961,15761.25,15908.75
1701838800,15897,16037.75,15802,15815.25
1701925200,15814.5,16066,15791,16038.75
1702011600,16017.5,16118.75,15888.25,16098.25
1702270800,16093,16248,16045.5,16237
1702357200,16240,16389.5,16185.25,16362.75
1702443600,16383,16593,16365.5,16563.75
1702530000,16561.5,16674.5,16418.75,16541.5
1702616400,16532.5,16612.5,16521.5,16530.23046875
1702875600,16820.25,16974,16802.25,16939.75
1702962000,16917,17029.5,16910.75,17023
1703048400,17024,17073.5,16758.5,16766.25
1703134800,16790.25,16970.25,16790.25,16956.5
1703221200,16956,17041.5,16891.5,16980
1703566800,16964.5,17111.25,16964.5,17083.5
1703653200,17090.25,17133,17055.5,17113.25
1703739600,17127,17165.25,17077.75,17090.5
1703826000,17090.25,17131,16938.25,17023.5
1704171600,17019,17038.5,16622.5,16720
1704258000,16736.75,16737.25,16522,16538
1704344400,16545.25,16587.25,16436,16445
1704430800,16455,16577.25,16334.25,16460.25
1704690000,16470,16811.25,16378.25,16803.75
1704776400,16788,16868.5,16657.75,16830.25
1704862800,16829.5,16983,16801.5,16945.25
1704949200,16955,17057,16753,16966.25
1705035600,16957.75,17042.5,16866.5,16969.25
1705381200,16961.75,17033.75,16811.75,16966.5
1705467600,16978,16982,16689.25,16869.75
1705554000,16854.5,17125.75,16834.25,17110
1705640400,17116,17471.25,17107.25,17438.5
1705899600,17466,17585,17434,17458.5
1705986000,17461,17558.25,17409.5,17531.25
1706072400,17554,17793.5,17552.25,17621
1706158800,17614.75,17752,17542,17634.5
1706245200,17571.25,17632,17466,17527
1706504400,17502,17716.25,17457.5,17706
1706590800,17711.75,17735.75,17467,17588.5
1706677200,17415.5,17484,17221.5,17242.25
1706763600,17273.25,17646.75,17262.75,17436.75
1706850000,17588,17775.5,17465.5,17732.75
1707109200,17696,17745.5,17554.25,17700
1707195600,17698.5,17769,17560.75,17660
1707282000,17645.75,17875.5,17629.75,17841.75
1707368400,17856.25,17896.5,17792.25,17868.25
1707454800,17854.25,18071,17852.25,18039.25
1707714000,18040,18121.5,17911.25,17965
1707800400,17928.5,17963.25,17542,17676.75
1707886800,17703,17887,17669.25,17881
1707973200,17870,17968.25,17780.5,17912.75
1708059600,17952,18026,17715,17744
1708405200,17729.25,17807.5,17452.5,17607.25
1708491600,17573,17723,17372.75,17536.75
1708578000,17702.5,18087,17676,18047.5
1708664400,18023.25,18144.75,17946,17991
1708923600,17961.5,18059.5,17922,17977
1709010000,17951,18040.25,17908.75,18021
1709096400,18017.5,18019.75,17846.25,17915.25
1709182800,17870,18109.5,17826,18082.75
1709269200,18075,18372.75,18029.5,18338.25
1709528400,18336,18377.75,18234.25,18262
1709614800,18246,18252,17832.5,17930.25
1709701200,17981,18174.25,17942.5,18044.25
1709787600,18041,18360,17915.75,18316.25
1709874000,18279,18436.5,18012.5,18046.75
1710129600,18056,18068.25,17890.5,17971
1710216000,18010.5,18241.75,17930,18227.75
1710302400,18218,18256.5,18033.25,18078.5
1710388800,18094.25,18177.75,17915.5,18024.5
1710475200,18006,18074.75,17831.75,17854.75
1710734400,18073.5,18381,18062.25,18231.5
1710820800,18222,18289.25,18053.25,18270
1710907200,18274,18545,18227.5,18479.75
1710993600,18539.75,18709,18526.75,18561.75
1711080000,18580.5,18626,18492,18574.75
1711339200,18567,18601.25,18414.75,18513.5
1711425600,18531.25,18619,18439.25,18449
1711512000,18477.5,18571.75,18378.5,18503.75
1711598400,18505,18538.75,18447.5,18475
1711944000,18503,18612,18414.5,18497.25
1712030400,18497.25,18511,18201.5,18330
1712116800,18345,18451.75,18232.5,18373.25
1712203200,18388.5,18568,18055.25,18076.75
1712289600,18086.25,18408.25,18051.5,18300.75
1712548800,18348.25,18376,18237.5,18295
1712635200,18314.75,18407.25,18160.75,18359.75
1712721600,18381,18474.25,18053.5,18196.75
1712808000,18184,18518.75,18088,18485
1712894400,18486.25,18507.75,18120.25,18179.25
1713153600,18151,18350.75,17841.5,17876.25
1713240000,17879,17988,17792,17881.25
1713326400,17897,17968.5,17615.25,17658.5
1713412800,17669.75,17770.75,17506.25,17547.25
1713499200,17530.75,17553.25,17113.25,17180.75
1713758400,17228.25,17448,17148.5,17350
1713844800,17352.25,17666,17286.25,17606.75
1713931200,17682,17795.5,17481.75,17664.5
1714017600,17450,17827.5,17308.25,17567.5
1714104000,17808.25,17901.5,17668.25,17845.75
1714363200,17864.75,17949,17791.25,17904.25
1714449600,17918.5,17920.25,17473.5,17571.25
1714536000,17462.5,17793.25,17399.25,17438.25
1714622400,17487,17755.25,17386.25,17649.75
1714708800,17744.25,18050.25,17719.5,18000.75
1714968000,18047.5,18201.25,17983.75,18195.5
1715054400,18189.5,18266.25,18151,18199.5
1715140800,18194,18242.25,18072.5,18186.5
1715227200,18160.75,18240.25,18103.75,18214.5
1715313600,18226,18348,18188.5,18255
1715572800,18238,18336.25,18228.75,18295.5
1715659200,18282,18433,18165.5,18415
1715745600,18409.75,18707,18393,18691.75
1715832000,18693.25,18760.75,18633.25,18650
1715918400,18642,18686.75,18545,18635.25
1716177600,18633.5,18794.5,18633,18763
1716264000,18746,18808.75,18678,18799.25
1716350400,18798.25,18891,18684.25,18786.75
1716436800,18860.5,19023.25,18621.5,18696.25
1716523200,18684,18926,18680,18876
1716868800,18874.75,18980.5,18819.5,18940.5
1716955200,18949.5,18949.75,18740,18802.75
1717041600,18753,18787,18546.25,18606.5
1717128000,18590.75,18668.25,18241.25,18591
1717387200,18590.25,18755.5,18435.75,18646.25
1717473600,18662.5,18753.25,18511.25,18701
1717560000,18711,19090.5,18696.25,19074.25
1717646400,19089.5,19124.5,19017.25,19060.25
1717732800,19064,19155,18940,19037.75
1717992000,19025,19129.75,18974.25,19109.75
1718078400,19107.25,19257.5,18994.5,19242.25
1718164800,19248,19612.25,19233.5,19496.5
1718251200,19602,19691,19500,19602.5
1718337600,19602.75,19699.5,19501.5,19685.5
1718596800,19695,20001,19640.5,19921.25
1718683200,19918.5,19996.5,19851.75,19919.25
1718856000,19930.25,20095,19694.25,19763.25
1718942400,19781.25,19819.25,19687.5,19747.2890625
1719201600,20014.75,20030.25,19728,19750.75
1719288000,19756,19981.25,19726,19972.25
1719374400,19973,20070.5,19901,20012.5
1719460800,19946,20116.75,19874.25,20039.5
1719547200,20063.25,20273.25,19906.25,19927.25
1719806400,19970,20074,19811.75,20052
1719892800,20045.75,20259.25,19910,20255.25
1720013400,20241,20435.25,20205,20411.5
1720152000,20419.25,20639.5,20361,20620.75
1720411200,20591.5,20688,20579.25,20659.75
1720497600,20681,20771.75,20615.75,20678.5
1720584000,20686,20916.75,20684.5,20899.75
1720670400,20895.5,20983.75,20377.25,20441.75
1720756800,20432.75,20741,20335,20524
1721016000,20580,20797,20506.25,20583.75
1721102400,20628,20684.5,20464.5,20598
1721188800,20591,20597.75,19965.75,19997.5
1721275200,20024.25,20162.5,19758.75,19899.25
1721361600,19955,19979.75,19654,19713
1721620800,19749,20044.75,19718.75,20001
1721707200,19982,20084.75,19868.25,19925
1721793600,19883,19883,19168.75,19203.25
1721880000,19260,19390.5,18883.25,18992.25
1721966400,19003,19297.75,18995,19174.5
1722225600,19171.75,19377.25,19113.25,19209.25
1722312000,19217,19319.75,18725,18936.25
1722398400,18865.75,19648,18861.75,19505.25
1722484800,19593.25,19717,18854,19023.25
1722571200,18956.5,18979.75,18385.75,18556.25
1722830400,18390,18390,17351,18013.25
1722916800,18165.75,18483.25,17966,18179
1723003200,18033,18558.5,17836.25,17966.5
1723089600,17873,18593.5,17741.75,18525.25
1723176000,18550.25,18674.5,18383,18616
1723435200,18590,18765.25,18515,18639.5
1723521600,18648.25,19122.5,18628.5,19104.25
1723608000,19099.25,19203.5,18925.5,19115
1723694400,19142.5,19603.25,19100.5,19581.25
1723780800,19570.25,19683,19447.5,19605.75
1724040000,19629,19871.75,19525.25,19857.75
1724126400,19857.75,19931,19743,19809.5
1724212800,19803,19981.75,19771.5,19909.5
1724299200,19921.25,20025.25,19542,19578.25
1724385600,19621.5,19904.25,19591.75,19790.75
1724644800,19787.75,19846.25,19505.5,19591.25
1724731200,19558.75,19694.25,19441.5,19653.75
1724817600,19635.5,19691,19227.25,19415.75
1724904000,19217,19693.5,19140.25,19393.25
1724990400,19445.75,19632.75,19370.5,19623
1725336000,19599,19683,18911,19006.5
1725422400,18993.75,19114.75,18825.75,18962.5
1725508800,18965.75,19150.5,18827.25,18963.5
1725595200,18921,18972.25,18339.75,18458.25
1725854400,18400,18734.5,18386,18692.25
1725940800,18727,18878.5,18582.25,18864
1726027200,18837.75,19293.5,18547,19271
1726113600,19241.5,19483.5,19185,19447.25
1726200000,19419.5,19577.25,19398.25,19530.25
1726459200,19498,19546.5,19299.25,19433
1726545600,19426.5,19615.5,19341,19439.25
1726632000,19451,19660,19331,19349.25
1726718400,19420.5,19966.25,19408.75,19850.25
1726804800,19831.25,19838.25,19746.5,19808.009765625
1727064000,20040,20164,19955.25,20080
1727150400,20063.25,20214.75,19953,20167.75
1727236800,20183.75,20271,20064.25,20192
1727323200,20242,20538,20188,20346.25
1727409600,20345,20395.75,20173,20221.5
1727668800,20198.5,20287,20056,20261.25
1727755200,20234.25,20331.75,19818,19975
1727841600,19975.25,20090.25,19833.5,20009.75
1727928000,20055.5,20113.75,19852,19990.25
1728014400,19965.5,20263.75,19941.5,20227.25
1728273600,20220,20267.25,19948,19992.75
1728360000,20025.75,20329.5,19902.5,20298.5
1728446400,20294.25,20482.75,20196,20463.5
1728532800,20445.25,20508.25,20301.5,20429.75
1728619200,20435,20494.25,20314.75,20450
1728878400,20432.5,20680,20383.25,20619.25
1728964800,20638.75,20659.25,20254,20342
1729051200,20334.5,20398.5,20206.25,20349.5
1729137600,20328,20594.75,20276.75,20368
1729224000,20384,20529.75,20320.75,20483.5
1729483200,20496.25,20554.5,20343.75,20519.5
1729569600,20536.5,20602.25,20360.25,20542
1729656000,20521,20542.5,20079,20220.5
1729742400,20294.25,20428.5,20261.75,20380.25
1729828800,20388.5,20707.25,20364,20498.75
1730088000,20525.5,20676.5,20486,20497
1730174400,20513,20760.25,20432.25,20696.5
1730260800,20734,20788.5,20472.5,20534.75
1730347200,20482,20495.75,20008.5,20021.75
1730433600,20071,20288,20017,20153.25
1730696400,20138,20248.5,20013,20086
1730782800,20130.75,20385.5,20041.75,20341.75
1730869200,20360.5,20935.25,20323.5,20894
1730955600,20923.5,21253,20861.5,21224.75
1731042000,21224.25,21265,21121.75,21231.25
1731301200,21249.75,21340.75,21098.25,21217.75
1731387600,21221,21251.75,21054.75,21189.5
1731474000,21178,21268.5,21056.5,21159.5
1731560400,21167,21190.25,20950.5,21011.75
1731646800,20977.5,20981.5,20405.25,20493.75
1731906000,20504,20724.25,20476,20633.5
1731992400,20633.25,20792.5,20382.5,20767.75
1732078800,20762.25,20843.25,20477,20749
1732165200,20738,20905.75,20514.25,20829.5
1732251600,20794,20880,20693.25,20849.75
1732510800,20935,21081,20780.25,20880.25
1732597200,20906.25,21024.75,20755,20993.5
1732683600,20990.75,21019,20675,20813
1732890600,20813,21017.5,20805.5,20993.5
1733115600,20995.25,21259.75,20940,21218
1733202000,21220,21329,21134.25,21281.5
1733288400,21323,21548.5,21305.75,21536.5
1733374800,21513.25,21567.25,21437.5,21473.25
1733461200,21450,21669.25,21424.75,21656.75
1733720400,21649,21706.25,21436,21483.75
1733806800,21479.25,21606.75,21352.75,21405.25
1733893200,21436,21820,21405.75,21793.5
1733979600,21756.75,21772.5,21604.25,21651.25
1734066000,21720.75,21908,21666.5,21795.75
1734325200,21780.25,22152.5,21762,22110.25
1734411600,22115,22124.5,21942.25,22014.75
1734498000,22010,22083.75,21034.25,21218.75
1734584400,21218.5,21424.25,21080,21112.75
1734670800,21151.5,21151.5,20745,20947.98046875
1734930000,21566,21776.75,21476.75,21753.25
1735050600,21743.25,22049.75,21709,22028.5
1735189200,22049.5,22111.25,21870.25,22008
1735275600,21990.75,22008,21498.75,21698.5
1735534800,21711,21742.75,21253,21416.25
1735621200,21390.25,21524.75,21182,21226.5
1735794000,21269,21490.5,20983.75,21167.5
1735880400,21186.75,21559.25,21144,21516.5
1736139600,21532.25,21896.75,21478.25,21744.5
1736226000,21781.25,21806,21279.5,21359.75
1736312400,21380.75,21448.25,21166.25,21360.75
1736398800,21334.75,21347.25,21218,21301.5
1736485200,21302.75,21372.5,20874.75,21016
1736744400,21027.5,21037,20694,20947.25
1736830800,21020,21143.75,20773.5,20919.5
1736917200,20977,21452.75,20909,21400.25
1737003600,21389,21567.25,21172.25,21249.75
1737090000,21227.5,21682.5,21209.25,21594.75
1737435600,21600,21783.5,21377.75,21709.5
1737522000,21809.25,22093.5,21768.25,22000.5
1737608400,21981.75,22050.5,21855.5,22038.25
1737694800,22018.5,22078.25,21844,21911.25
1737954000,21771,21771,20763.75,21258.5
1738040400,21343.25,21626,21159.5,21581.75
1738126800,21559,21697,21367,21523.25
1738213200,21547.75,21748.75,21419.5,21624.75
1738299600,21680,21966,21533.75,21589.25
1738558800,21200,21579.75,20943,21405
1738645200,21592,21694,21242.5,21670.25
1738731600,21562,21795,21429.75,21763
1738818000,21764.5,21882.25,21705.75,21871.75
1738904400,21817.75,21968,21552.75,21590.75
1739163600,21463.25,21894,21418,21846.5
1739250000,21832,21871.5,21669.5,21786.75
1739336400,21794.25,21862.5,21510.75,21804.75
1739422800,21861.25,22124,21753,22113.25
1739509200,22071,22225,22042.5,22196.25
1739854800,22235.75,22319.75,22102.75,22232.25
1739941200,22224.5,22299.75,22118,22250.5
1740027600,22213,22235.5,21951,22141.75
1740114000,22136,22245.5,21652.75,21679.25
1740373200,21700.75,21813,21407.5,21420.25
1740459600,21442.5,21453.75,20990,21149
1740546000,21230.5,21409.25,21055,21187
1740632400,21249,21386.5,20583.25,20605.75
1740718800,20649.5,20944.25,20460.5,20919.5
1740978000,21005.25,21121,20316.75,20468.25
1741064400,20527,20732.5,20075.25,20399
1741150800,20555,20725,20215,20665
1741237200,20605.25,20647.5,20003,20089.25
1741323600,20214.5,20286.25,19765.5,20229.75
1741579200,20147,20156.5,19272.25,19452.75
1741665600,19440,19686.75,19139.25,19399
1741752000,19412.75,19788.75,19387,19618.5
1741838400,19572,19694,19170,19249
1741924800,19312.75,19742.5,19296.75,19712
1742184000,19668.25,19959.25,19550.5,19831.75
1742270400,19821,19858,19397.75,19496.75
1742356800,19496.75,19935,19455.5,19746.75
1742443200,19746.75,19898.75,19530.25,19678.5
1742529600,19690.75,19728.75,19408,19450.810546875
1742788800,20050.5,20409.5,20050.5,20374.25
1742875200,20353,20524.75,20293,20488.5
1742961600,20511.5,20536.75,20045,20116.5
1743048000,20046,20199.5,19937.25,19990.25
1743134400,19995.25,20011.75,19357.5,19457
1743393600,19319.75,19489.75,18976.75,19439.5
1743480000,19411.25,19644,19261.25,19604.5
1743566400,19600.5,20044.25,19076.75,19758
1743652800,19020,19177,18614,18675.5
1743739200,18660,18713,17387.5,17539
1743998400,17100,18361.5,16460,17563.25
1744084800,17665,18357.25,16973.5,17243.75
1744171200,17220.25,19386.75,16735,19288.75
1744257600,19266.75,19383.5,17919,18484.5
1744344000,18464.75,18873.5,18067,18807.5
1744603200,19225,19256,18737.5,18934.75
1744689600,18902.5,19144.75,18809,18960.25
1744776000,18790,18861.25,18116.25,18385.25
1744862400,18391.25,18652.75,18261.5,18380.75
1745208000,18306.25,18383.5,17700,17922.25
1745294400,17914,18514,17863.75,18385
1745380800,18646,19165.5,18623.75,18804
1745467200,18826.5,19418,18594.75,19322
1745553600,19405,19589,19216.25,19535.25
1745812800,19524.5,19623,19257.25,19528
1745899200,19478.25,19688.5,19378,19642
1745985600,19599.75,19880,19103.75,19658.5
1746072000,19834,20125.75,19757.25,19870.75
1746158400,19782.5,20276.75,19749.5,20195.25
1746417600,20181.5,20201.75,19966,20055.5
1746504000,20014.25,20036.75,19739,19876.5
1746590400,19809,20133.75,19678.75,19961
1746676800,19934.5,20337.25,19910.75,20148
1746763200,20157,20288.75,20058,20136.75
1747022400,20398.5,20996,20376.75,20948.75
1747108800,20954.75,21346.5,20818,21278
1747195200,21250,21419.5,21238.25,21392.5
1747281600,21379.75,21529.75,21192,21400.25
1747368000,21396,21512,21320.25,21506
1747627200,21310.75,21544.5,21112.5,21527
1747713600,21513,21562.25,21298,21447.25
1747800000,21414.75,21558.5,21072.75,21156.75
1747886400,21145,21337.5,21040,21178.25
1747972800,21223.75,21236,20727,20975
1748318400,20978,21488.5,20954.25,21460.5
1748404800,21480,21567.5,21321.25,21379.75
1748491200,21513,21858.75,21301,21408.5
1748577600,21371.25,21433.5,21071.5,21376.75
1748836800,21303.75,21576.25,21163,21534.5
1748923200,21555,21759.75,21399.25,21706
1749009600,21688.25,21803,21641,21766.5
1749096000,21744.75,21935,21503.5,21582.25
1749182400,21471,21873.5,21471,21789.5
1749441600,21799.25,21890.75,21716,21821.5
1749528000,21824,21992.25,21732,21962.5
1749614400,21945.75,22106,21790.75,21887.5
1749700800,21871,21977.25,21713.25,21932.5
1749787200,21909,21915.75,21471,21644.25
1750046400,21554,21999.5,21501.75,21941.5
1750132800,21950,21952,21685,21730.5
1750219200,21705,21872.5,21640.5,21720.25
1750392000,21731,21896.5,21435.5,21889.890625
1750651200,21648.25,22093,21566.75,22073.5
1750737600,22079,22448.25,22065.75,22412.75
1750824000,22412,22548.25,22384.5,22461
1750910400,22461.25,22694,22437.75,22669.25
1750996800,22676.25,22825.5,22600,22751.5
1751256000,22751.5,22934.75,22751.5,22893.25
1751342400,22867.5,22914.75,22594.5,22692.75
1751428800,22694.5,22858.75,22582,22843
1751549400,22845,23102.5,22827,23062.5
1751601600,23059.25,23062.5,22882,22906.75
1751860800,22970,23028.5,22779.75,22884.75
1751947200,22837.75,22972.75,22808.5,22896.75
1752033600,22906.5,23112,22843.5,23052.75
1752120000,23041,23090,22901.25,23013.25
1752206400,23011.75,23048.75,22831.5,22959
1752465600,22860.75,23066.5,22803,23035.5
1752552000,23034.25,23222.75,22996,23056.75
1752638400,23018.75,23100,22835.5,23076.5
1752724800,23065.5,23279.75,23017,23251
1752811200,23261.25,23320.75,23169.5,23224.25
1753070400,23232.5,23424.75,23203.75,23342
1753156800,23339.5,23367,23108,23226.25
1753243200,23191.25,23418,23146.75,23310.75
1753329600,23402.25,23424.5,23298.25,23377.5
1753416000,23391.5,23476,23330.75,23421.25
1753675200,23520,23585.25,23436.75,23491.25
1753761600,23504.25,23652.5,23421.25,23452
1753848000,23452,23689,23356.5,23480.5
1753934400,23705,23845,23290.5,23365
1754020800,23308.5,23347.5,22775,22883.75
1754280000,22850,23352.5,22821.75,23296.5
1754366400,23354,23404.25,23084.5,23132
1754452800,23091.75,23445.25,23045.5,23422.75
1754539200,23418.5,23671,23329,23496.25
1754625600,23518.25,23767.75,23503,23713.75
1754884800,23764,23804.5,23587.5,23637.5
1754971200,23635,23953.5,23596,23938
1755057600,23945,24068.5,23886,23946.5
1755144000,23927.75,24007.75,23793.25,23930.5
1755230400,23888.75,23963,23734.5,23804
1755489600,23795,23881.75,23719,23797.75
1755576000,23800.75,23838,23426,23469.5
1755662400,23461,23485.5,23035,23324
1755748800,23323,23369.25,23119,23219.75
1755835200,23225.25,23650,23076.75,23569.75
1756094400,23602,23616.25,23443.25,23498.25
1756180800,23505.75,23611,23371.5,23591.5
1756267200,23604,23689,23434.75,23628.75
1756353600,23542.25,23803.75,23487.5,23769
1756440000,23760.5,23762,23397.5,23461.75
1756785600,23479,23552.5,23025.25,23275
1756872000,23382,23525.25,23298.25,23448.75
1756958400,23456.75,23708.75,23410,23668
1757044800,23700,23902,23505,23684
1757304000,23673.5,23888,23650.25,23799.75
1757390400,23799,23921.25,23726,23874
1757476800,23898.5,24044.25,23785,23877.75
1757563200,23853.75,24046,23838,24017.75
1757649600,24028.25,24159,23969,24113.25
1757908800,24115.25,24315.5,24076,24309.25
1757995200,24290,24403.5,24258.25,24284
1758081600,24290,24312.5,24003.75,24222.5
1758168000,24250.25,24569.5,24248.5,24460.25
1758254400,24468.25,24575,24412.5,24568.0703125
1758513600,24850,25027.25,24748.75,25003
1758600000,24995,25026,24780.5,24827.25
1758686400,24839.5,24913.5,24627,24739.25
1758772800,24746,24793.5,24422.5,24629.25
1758859200,24642.5,24747.5,24520,24726.75
1759118400,24726.5,24975.5,24721.75,24837.75
1759204800,24817.75,24913.75,24722.25,24901.75
1759291200,24843,25036.75,24633.25,25017.5
1759377600,25009.25,25180,24993.75,25110
1759464000,25101.5,25196.5,24923.25,24992
1759723200,25000,25252.75,24995,25184.75
1759809600,25184.5,25275,24984.75,25039.25
1759896000,25059.75,25364.75,25026.25,25331
1759982400,25351.5,25394,25160.75,25289.25
1760068800,25287.75,25388,24158.5,24397
1760328000,24542,24965,24542,24922.25
1760414400,24913.75,25044.25,24421,24762.5
1760500800,24754,25115,24663.25,24924.5
1760587200,24937,25179.5,24643.5,24831.25
1760673600,24793.75,25055.75,24410,24986.5
1760932800,25065.75,25354.5,24955.75,25305.25
1761019200,25326.75,25368,25203.25,25294.75
1761105600,25283.75,25338.25,24804.75,25039.25
1761192000,25012.25,25296,24937,25254
1761278400,25283.25,25570.75,25276,25509.25
1761537600,25723.5,26013.5,25700,25963.75
1761624000,26002.5,26231.5,25943,26163.5
1761710400,26179.75,26379.75,26049.25,26262.5
1761796800,26154.5,26399,25853,25882.75
1761883200,26150.5,26274,25888.75,26004
1762146000,26028.25,26266,26012.75,26103.25
1762232400,26104.5,26104.5,25522.75,25575.25
1762318800,25545,25880,25282,25746.25
1762405200,25738.5,25822.25,25197.75,25244.25
1762491600,25314.75,25354.75,24709.25,25166.25
1762750800,25320.75,25760.5,25269,25714.5
1762837200,25722.25,25768.75,25478.5,25640.75
1762923600,25668,25830,25488.75,25623.75
1763010000,25624,25721.5,25002.5,25094.75
1763096400,25095.25,25293.25,24626,25094
1763355600,25142.25,25361.25,24731.75,24879
1763442000,24905.5,24959.5,24376.25,24595.75
1763528400,24551,24988,24445,24721.75
1763614800,24966.75,25310,24073.25,24131.5
1763701200,24110,24596.25,23904.5,24305.5
1763960400,24455.75,24993.5,24361.75,24948.25
1764046800,24966.25,25135.25,24602,25085.5
1764133200,25071.25,25376,25061.25,25302.25
1764340200,25313,25499.75,25285.75,25482
1764565200,25482.5,25546,25193.25,25391.25
1764651600,25411.5,25670,25324.75,25606
1764738000,25611,25685.25,25421.5,25657.5
1764824400,25650.25,25732.5,25488.75,25622.75
1764910800,25629.75,25868,25579.75,25732
1765170000,25750,25860.75,25564.75,25664
1765256400,25713,25735.75,25560,25699.75
1765342800,25680,25870.75,25528.75,25798
1765429200,25769.5,25861.5,25383,25713.5
1765515600,25701,25733.25,25118,25213.5
1765774800,25223.5,25410,25033.25,25093.25
1765861200,25101.25,25202.5,24828,25139
1765947600,25091.75,25266,24654.5,24668.75
1766034000,24744,25178,24675.5,25028.25
1766120400,25002.5,25160,24977.5,25132.7890625
1766379600,25635.25,25794.75,25628,25692.25
1766466000,25701,25822.5,25608.25,25812.25
1766586600,25815.75,25892,25777.5,25880.5
1766725200,25868,25935.25,25834.25,25863.25
1766984400,25863.25,25893.75,25648,25739.75
1767070800,25740,25793.75,25668.25,25675.25
1767157200,25683.25,25716.75,25429,25456.75
1767330000,25478.5,25803.75,25265.25,25385.25
1767589200,25431.75,25708,25406.5,25577.75
1767675600,25583,25837.75,25527.5,25822
1767762000,25831.25,25996.25,25727,25838.75
1767848400,25838.75,25849.75,25569,25687.5
1767934800,25725,25985.5,25615.5,25938.25
1768194000,25949,26020.5,25632.75,25956.75
1768280400,25953.5,26045.5,25803.25,25906
1768366800,25900.75,25925.75,25420.75,25631
1768453200,25593,25952.75,25562.5,25705.75
1768539600,25720.5,25891,25591.5,25689
1768885200,25471,25472,25095.25,25129.25
1768971600,25149.5,25653.5,25025,25471
1769058000,25529.5,25739.75,25483.75,25658.25
1769144400,25605,25845.75,25540.25,25738.25
1769403600,25585.5,25936.5,25365.25,25848.5
1769490000,25861.25,26118,25838.5,26073
1769576400,26111.25,26349,25993.25,26156.25
1769662800,26282.5,26296,25536,25999.25
1769749200,25998.5,26020,25568.75,25670
1770008400,25530,25949.5,25180.25,25850
1770094800,25876.5,26027.75,25219,25452
1770181200,25387.5,25514.25,24783.5,24999.25
1770267600,25061.75,25169,24407.25,24651
1770354000,24416,25222,24239.75,25163.25
1770613200,25153.75,25428.75,24955.5,25354
1770699600,25363,25447.25,25198.25,25218.25
1770786000,25259,25465.25,25058.25,25288.5
1770872400,25289,25419.75,24721.5,24768
1770958800,24842.25,24995.5,24578.75,24803.25
1771304400,24789.75,24922.25,24449.25,24767.75
1771390800,24773.75,25128.25,24700.75,24956
1771477200,24943.5,25054,24749,24858.75
1771563600,24837.75,25139.5,24678.5,25067.5
1771822800,25033.75,25059.75,24668,24762.75
1771909200,24788,25078.75,24694.5,25028.75
1771995600,25016.25,25494.75,24992,25382
1772082000,25388.25,25418.25,24861.75,25081
1772168400,25024.25,25098.75,24782,25004.75
1772427600,24682.5,25101,24477,25025.25
1772514000,25002.75,25011,24352,24755.75
1772600400,24710.75,25217.75,24499,25128.25
1772686800,25156.5,25250,24772.5,25049.5
1772773200,25019.75,25141.5,24601,24670.25
1773028800,24435.25,25058,24000,24991
1773115200,24981.5,25217.5,24830,24982.5
1773201600,25010.25,25180,24873.5,24983.5
1773288000,24934.5,24949.25,24517.75,24560
1773374400,24567,24805.25,24333.75,24394.25
1773633600,24285,24816.25,24278,24675.75
1773720000,24668.75,24896,24517,24795.5
1773806400,24796,24989,24350,24434.5
1773892800,24399.75,24505.25,24115,24364
1773979200,24417.25,24444,24108.75,24291.779296875
1774238400,23902,24763,23772.5,24408.25
1774324800,24417.25,24550,24134,24213.75
1774411200,24420,24539.75,24286.5,24367.75
1774497600,24373.5,24421.25,23763.25,23794.25
1774584000,23824,23976,23232.5,23328.5
1774843200,23189.5,23574,23024.5,23139.75
1774929600,23119.5,23975.25,22961.5,23915
1775016000,23889,24348.25,23880,24194.75
1775102400,24180,24266.75,23666,24218
1775448000,24093.5,24452.25,23981.5,24358.5
1775534400,24348.75,24451.5,23941.5,24371
1775620800,24514,25257,24355,25074.25
1775707200,25037.75,25269.75,24953,25251.5
1775793600,25237,25393,25193,25281.25
1776052800,24980,25599.25,24904.5,25543.5
1776139200,25575.25,26003.25,25560,25996.75
1776225600,25985.75,26377.5,25933.75,26365.5
1776312000,26350,26564,26275.5,26487.25
1776398400,26460,26884.75,26440,26825.5
1776657600,26599.75,26827.75,26535,26748.75
1776744000,26776.75,26901.75,26551.75,26634.75
1776830400,26729.5,27136,26727.75,27083
1776916800,27075,27155.75,26681.75,26934
1777003200,26992,27462.5,26992,27435
1777262400,27403.25,27542.5,27298.5,27440.5
1777348800,27423,27512,27009.5,27168.75
1777435200,27197.25,27414,27094,27325.25
1777521600,27207,27622.75,27163.25,27596
1777608000,27631.75,27917,27536.25,27835.75
1777867200,27890,27965.75,27613,27776
1777953600,27760,28247,27731.75,28136
1778040000,28250,28800,28243,28716.75
1778126400,28662.75,28944.75,28552,28682.25
1778212800,28582,29386.75,28541,29332.5
1778472000,29294,29480,29225.75,29424
1778558400,29399,29455.75,28742,29170
1778644800,29143.75,29565.5,29055.5,29479.25
1778731200,29537,29782,29448.25,29687.75
1778817600,29690,29734,29089.75,29231.75
1779076800,29135,29419.75,28814.75,29096
1779163200,29100,29188.5,28663,28924.25
1779249600,28929.75,29397.5,28797.25,29390.5
1779336000,29253,29554,29113,29447.25
1779422400,29444,29749,29436,29558.75
1779768000,29676.25,30118.75,29676.25,30073.5
1779854400,30050,30379,29877.5,30047.25
1779940800,30120,30344.5,29763,30307
1780027200,30328,30536,30216.5,30405.25
1780286400,30415.5,30693,30291.5,30566.25
1780372800,30544.75,30763.25,30317.75,30712.75
1780459200,30741.75,30807.75,30478.25,30633.25
1780545600,30453,30603.25,30151,30488.25
1780632000,30414,30422,28781.25,29026.5
1780891200,28844.5,29743,28822.25,29454.75
1780977600,29435,29848.25,28227.75,29117
1781064000,29094.75,29250,28409,28554
1781150400,28455,29544.25,28265.75,29464.75
1781236800,29456.75,29760,29230,29662
1781496000,29907,30612.5,29907,30559.25
1781582400,30539.75,30664.5,29956.75,29995
1781668800,30006.75,30268.5,29616,29687.5
1781755200,29758.5,30285.75,29758.5,30263.349609375
1782100800,30577,30968,30337.5,30653.5
1782187200,30662.75,30701.25,29577.25,29666
1782273600,29770,30157.75,29264.75,29514.25
1782360000,30089.75,30263.75,29295.75,29724.75
1782446400,29742,29892.75,29160.5,29368.25
1782705600,29282.5,30069.5,29273.75,30052.75
1782792000,30007.25,30599.75,29934.75,30523.5
1782878400,30505.75,30553.75,30008.5,30094.25
1782964800,30089.75,30320,29328.5,29556
1783310400,29930.25,30094,29683,29941
1783396800,29960,29973.75,29210,29391.5
1783483200,29373.75,29558.75,28909.75,29468.5
1783569600,29412,29993.5,29395,29937
1783656000,29937.75,30077.75,29675,30032.25
1783915200,29952,30041,29386.5,29475.75
1784001600,29446,29921.75,29303.5,29790.25
1784088000,29805,30062.5,29397,29693.25
1784174400,29709,29797,29078.5,29225.75
1784260800,29191,29220,28408.25,28773.25
1784520000,28747.75,29192.5,28709.75,28778.75
1784606400,28778.25,29364.75,28701,29316
1784692800,29310.75,29342.25,28952,29181.25
1784779200,29100,29282.5,28432.5,28620.75
1784865600,28700.25,28736,28212.5,28282.25
1785124800,28500,28763.25,27939,28190
1785211200,28210.5,28228,27603.5,27922
1785297600,27962,28178.25,27201.5,27342
1785384000,27202,28414.5,27202,28237.75
1785470400,28317,28725.75,28079.75,28404.25
1785729600,28565,28964.25,28313.5,28891.75
1785816000,28930,29956.5,28831.75,29863.5
1785902400,29777.25,30074,29530.75,29615
1785988800,29569.5,29686.25,29241.25,29488.25
1786075200,29514.25,29867.75,29453.5,29834.75
1786334400,29851.25,29984,29718.75,29737
1786420800,29764.5,29886.75,29533.5,29626
1786507200,29657.75,30001.75,29624.5,29853.25
1786593600,29825,30272.75,29780.5,30188.5
1786680000,30210.75,30283,30028.5,30141.75
1786939200,30170,30343,30054.5,30096
1787025600,30077,30121.25,29514,29586
1787112000,29566.5,29757.25,29375.75,29512.75
1787198400,29561.5,29689.75,29202.75,29300.5
1787284800,29327,29539,29220,29387.75
1787544000,29392.25,29480.5,28946.75,29105.75
1787630400,29140.5,29425.75,29017,29276.75
1787716800,29288,29437.75,29096,29289.5
1787803200,29499.5,29708,29401.75,29695.75
1787889600,29635.5,29811.5,29436.25,29491.75
1788148800,29540,29546.25,29273.5,29513
1788235200,29518.25,29571.25,29002,29125.5
1788321600,29136.5,29213,28927.25,29186.25
1788408000,29177,29584.25,29075,29524.75
1788494400,29505,29704.5,29468,29565.25
1788840000,29535.25,29764.75,29424.75,29538.75
1788926400,29526.5,29633.75,29333,29458.25